City_ID,City,Country,Lat,Lng,Max Temp,Humidity,Cloudiness,Wind Speed,Current Description
0,Hermanus,ZA,-34.42,19.23,57.0,77,0,5.01,clear sky
1,Poum,NC,-20.23,164.02,77.9,78,41,22.79,scattered clouds
2,Kurilsk,RU,45.23,147.88,46.15,71,84,7.25,broken clouds
3,Butaritari,KI,3.07,172.79,81.25,75,100,15.48,overcast clouds
4,Hammerfest,NO,70.66,23.68,39.2,80,54,16.11,broken clouds
5,Los Llanos De Aridane,ES,28.66,-17.92,77.0,33,0,9.17,clear sky
6,Rikitea,PF,-23.12,-134.97,75.24,69,0,6.87,clear sky
7,Kapaa,US,22.08,-159.32,82.0,78,1,6.87,clear sky
8,Oranjestad,AW,12.52,-70.03,84.2,79,20,13.87,few clouds
9,Mataura,NZ,-46.19,168.86,55.99,70,29,7.0,scattered clouds
10,Kloulklubed,PW,7.04,134.26,84.43,77,100,16.33,moderate rain
11,Port Elizabeth,ZA,-33.92,25.57,62.01,82,89,9.75,overcast clouds
12,Hue,VN,16.47,107.6,78.8,88,75,8.05,broken clouds
13,Taoudenni,ML,22.68,-3.98,81.77,16,100,10.65,overcast clouds
14,Padang,ID,-0.95,100.35,77.5,79,100,4.68,moderate rain
15,Half Moon Bay,US,37.46,-122.43,73.0,72,5,4.7,clear sky
16,Yellowknife,CA,62.46,-114.35,21.2,85,90,14.99,light snow
17,Puerto Ayora,EC,-0.74,-90.35,77.0,73,75,16.11,broken clouds
18,Mahebourg,MU,-20.41,57.7,66.2,82,40,5.82,scattered clouds
19,Vaini,TO,-21.2,-175.2,73.4,88,90,11.41,light intensity shower rain
20,Longyearbyen,SJ,78.22,15.64,24.8,73,75,11.41,broken clouds
21,Ushuaia,AR,-54.8,-68.3,55.4,58,90,4.7,light intensity drizzle
22,Bluff,NZ,-46.6,168.33,55.99,70,94,7.0,overcast clouds
23,Jamestown,US,42.1,-79.24,44.01,64,75,8.05,broken clouds
24,Paderborn,DE,51.72,8.75,57.2,58,0,10.29,clear sky
25,Saint-Philippe,RE,-21.36,55.77,66.2,59,0,3.36,clear sky
26,Thompson,CA,55.74,-97.86,19.4,67,75,17.22,broken clouds
27,Cidreira,BR,-30.18,-50.21,66.24,65,73,10.0,broken clouds
28,Camacha,PT,33.08,-16.33,68.0,88,20,6.93,few clouds
29,Ankang,CN,32.68,109.02,57.54,73,98,1.12,overcast clouds
30,Busselton,AU,-33.65,115.33,60.01,77,100,8.16,light rain
31,Punta Arenas,CL,-53.15,-70.92,59.0,54,75,19.46,broken clouds
32,Khomeyn,IR,33.64,50.08,49.55,43,0,0.67,clear sky
33,Tuktoyaktuk,CA,69.45,-133.04,-2.2,84,40,4.7,scattered clouds
34,Clacton-On-Sea,GB,51.79,1.16,52.0,95,50,18.52,scattered clouds
35,Faanui,PF,-16.48,-151.75,79.12,73,0,19.17,clear sky
36,Oistins,BB,13.07,-59.53,80.6,83,75,17.22,broken clouds
37,Bambous Virieux,MU,-20.34,57.76,66.2,82,40,5.82,scattered clouds
38,Atambua,ID,-9.11,124.89,74.88,79,55,3.44,broken clouds
39,Guerrero Negro,MX,27.98,-114.06,79.97,33,99,7.61,overcast clouds
40,Isangel,VU,-19.55,169.27,76.57,74,81,16.31,broken clouds
41,Avarua,CK,-21.21,-159.78,75.2,78,100,10.29,overcast clouds
42,Nikolskoye,RU,59.7,30.79,39.0,86,37,3.15,fog
43,Cape Town,ZA,-33.93,18.42,62.01,59,0,14.99,clear sky
44,Noumea,NC,-22.28,166.46,80.01,54,0,2.24,clear sky
45,New Norfolk,AU,-42.78,147.06,51.01,70,33,2.19,scattered clouds
46,Iqaluit,CA,63.75,-68.51,19.4,73,75,16.11,light snow
47,Meiganga,CM,6.52,14.3,68.47,77,100,0.98,overcast clouds
48,Ewa Beach,US,21.32,-158.01,80.6,74,20,3.47,few clouds
49,Portland,US,45.52,-122.68,55.99,78,68,1.01,broken clouds
50,Aswan,EG,24.09,32.91,77.59,43,0,10.69,clear sky
51,Izvestkovyy,RU,48.98,131.55,34.14,96,100,4.16,overcast clouds
52,Bredasdorp,ZA,-34.53,20.04,59.0,77,0,5.82,clear sky
53,Bengkulu,ID,-3.8,102.27,75.67,88,100,4.21,light rain
54,Gualeguaychu,AR,-33.01,-58.52,71.01,58,0,11.99,clear sky
55,Chicama,PE,-7.84,-79.15,62.6,82,90,9.17,mist
56,Bubaque,GW,11.28,-15.83,84.51,69,72,10.27,broken clouds
57,Beringovskiy,RU,63.05,179.32,18.5,95,99,11.9,overcast clouds
58,Talnakh,RU,69.49,88.4,19.4,92,90,29.08,light shower snow
59,Auki,SB,-8.77,160.7,79.84,83,79,3.65,broken clouds
60,Atuona,PF,-9.8,-139.03,78.55,74,23,17.54,few clouds
61,Castro,BR,-24.79,-50.01,58.19,82,91,8.77,overcast clouds
62,Nanortalik,GL,60.14,-45.24,28.2,89,27,18.84,scattered clouds
63,Soyo,AO,-6.13,12.37,78.37,85,100,11.88,overcast clouds
64,Atar,MR,20.52,-13.05,89.37,13,0,10.13,clear sky
65,Itaqui,BR,-29.13,-56.55,72.81,60,13,15.52,few clouds
66,Bud,US,39.45,-86.18,57.0,50,1,6.93,clear sky
67,Victoria,HK,22.29,114.16,73.0,77,92,1.01,overcast clouds
68,Jiazi,CN,22.88,116.07,67.1,77,69,12.21,broken clouds
69,Margate,GB,51.38,1.39,51.01,83,50,3.0,scattered clouds
70,Saint-Augustin,CA,51.23,-58.65,31.68,76,0,10.65,clear sky
71,Tyret Pervaya,RU,53.67,102.31,15.91,87,0,9.89,clear sky
72,Caconda,AO,-13.73,15.07,62.44,88,100,1.23,overcast clouds
73,Pevek,RU,69.7,170.31,13.1,96,71,11.23,broken clouds
74,Kodiak,US,57.79,-152.41,33.8,55,1,3.36,clear sky
75,Carnarvon,AU,-24.87,113.63,68.0,88,40,8.05,scattered clouds
76,East London,ZA,-33.02,27.91,65.55,71,100,10.94,overcast clouds
77,Pierre,US,44.37,-100.35,55.99,37,20,28.86,few clouds
78,Manavalakurichi,IN,8.13,77.3,82.4,88,20,5.86,mist
79,Herat,AF,34.5,62.0,40.8,62,0,3.71,clear sky
80,Bethel,US,41.37,-73.41,46.0,39,1,5.82,clear sky
81,Dikson,RU,73.51,80.55,17.89,97,100,12.21,light snow
82,Torbay,CA,47.67,-52.73,36.0,74,90,12.75,light shower snow
83,Luderitz,NA,-26.65,15.16,66.51,43,42,21.92,scattered clouds
84,Albany,US,42.6,-73.97,44.01,68,0,7.45,clear sky
85,Pocone,BR,-16.26,-56.62,86.43,53,26,5.97,scattered clouds
86,Zhigansk,RU,66.77,123.37,-2.88,92,100,2.55,overcast clouds
87,Saldanha,ZA,-33.01,17.94,59.0,67,0,6.93,clear sky
88,Port Alfred,ZA,-33.59,26.89,63.54,81,65,12.97,broken clouds
89,Hobart,AU,-42.88,147.33,53.6,66,75,1.12,broken clouds
90,Lebu,CL,-37.62,-73.65,59.23,69,0,8.93,clear sky
91,Mount Gambier,AU,-37.83,140.77,42.8,93,75,2.86,broken clouds
92,Abu Dhabi,AE,24.47,54.37,82.4,65,0,8.05,clear sky
93,Kibre Mengist,ET,5.88,38.98,59.59,95,100,1.23,light rain
94,Lagoa,PT,39.05,-27.98,68.76,91,31,23.67,scattered clouds
95,Qaanaaq,GL,77.48,-69.36,9.79,83,89,6.17,overcast clouds
96,Touros,BR,-5.2,-35.46,84.2,70,40,14.99,scattered clouds
97,Arraial Do Cabo,BR,-22.97,-42.03,71.6,88,75,8.05,broken clouds
98,Hilo,US,19.73,-155.09,84.2,54,40,3.36,scattered clouds
99,Elko,US,41.0,-115.5,63.0,18,1,2.62,clear sky
100,Smirnykh,RU,49.75,142.83,32.79,94,100,1.1,snow
101,Anadyr,RU,64.75,177.48,5.0,84,40,4.47,scattered clouds
102,Cherskiy,RU,68.75,161.3,9.23,89,94,3.69,overcast clouds
103,Lipari,IT,38.47,14.95,63.0,84,0,7.0,clear sky
104,Barkhan,PK,29.9,69.53,54.66,34,0,2.44,clear sky
105,Medicine Hat,CA,50.05,-110.67,45.0,41,20,11.41,few clouds
106,Mehriz,IR,31.59,54.43,47.59,52,0,1.36,clear sky
107,Saskylakh,RU,71.92,114.08,-4.86,84,2,6.93,clear sky
108,Kirakira,SB,-10.45,161.92,81.46,77,85,4.47,overcast clouds
109,Pazaric,BA,43.79,18.16,57.2,67,75,3.36,broken clouds
110,Barrow,US,71.29,-156.79,24.8,68,75,10.29,broken clouds
111,Kaitangata,NZ,-46.28,169.85,57.99,54,74,15.01,broken clouds
112,Taiobeiras,BR,-15.81,-42.23,69.96,86,100,1.77,overcast clouds
113,Norman Wells,CA,65.28,-126.83,5.0,77,20,5.82,few clouds
114,Egvekinot,RU,66.32,-179.17,12.69,82,0,5.12,clear sky
115,Palmerston,AU,-12.49,130.98,78.8,88,50,3.36,scattered clouds
116,Santa Rosa,PH,14.31,121.11,80.6,74,75,4.7,broken clouds
117,Russellville,US,35.28,-93.13,64.4,48,1,4.7,clear sky
118,Coihaique,CL,-45.58,-72.07,77.0,29,0,6.93,clear sky
119,Mlonggo,ID,-6.53,110.7,76.73,89,94,5.19,light rain
120,Birjand,IR,32.87,59.22,41.0,6,0,6.93,clear sky
121,Dunedin,NZ,-45.87,170.5,55.0,67,21,5.01,few clouds
122,Pitimbu,BR,-7.47,-34.81,82.4,74,40,11.41,scattered clouds
123,Chokurdakh,RU,70.63,147.92,-4.67,92,98,7.9,overcast clouds
124,Biloxi,US,30.4,-88.89,71.6,56,1,1.25,clear sky
125,Chemal,RU,51.41,86.0,29.61,90,95,3.65,overcast clouds
126,Yulara,AU,-25.24,130.99,66.2,26,0,5.82,clear sky
127,Santa Marta,CO,11.24,-74.2,86.0,78,78,1.01,light rain
128,Batagay,RU,67.63,134.63,-9.4,89,93,3.09,overcast clouds
129,Alofi,NU,-19.06,-169.92,75.2,94,52,13.87,light rain
130,Provideniya,RU,64.38,-173.3,21.04,88,84,6.55,broken clouds
131,Kharp,RU,66.8,65.81,32.99,95,63,10.65,broken clouds
132,Baculin,PH,7.45,126.58,79.09,73,100,4.76,overcast clouds
133,Careiro Da Varzea,BR,-3.2,-59.81,91.4,59,40,4.7,scattered clouds
134,Oxbow,CA,49.23,-102.17,30.99,61,93,20.0,overcast clouds
135,Northam,GB,51.03,-4.22,51.01,83,100,10.0,light rain
136,Pirogovo,RU,56.78,53.15,37.0,95,100,1.01,light rain
137,Taltal,CL,-25.4,-70.48,64.9,53,76,7.85,broken clouds
138,Tautira,PF,-17.73,-149.15,84.2,66,20,6.93,few clouds
139,Harper,LR,4.38,-7.72,78.06,87,100,6.49,overcast clouds
140,Mar Del Plata,AR,-38.0,-57.56,66.2,55,0,13.87,clear sky
141,Chuy,UY,-33.7,-53.46,62.82,64,11,8.7,few clouds
142,Katobu,ID,-4.94,122.53,75.97,87,99,1.79,overcast clouds
143,Alto Piquiri,BR,-24.03,-53.44,77.81,53,69,1.97,broken clouds
144,Sisimiut,GL,66.94,-53.67,21.15,95,100,8.12,overcast clouds
145,Zabol,AF,32.25,67.25,41.04,53,0,6.93,clear sky
146,Port Blair,IN,11.67,92.75,79.97,80,12,5.97,few clouds
147,Upernavik,GL,72.79,-56.15,15.76,96,88,13.82,overcast clouds
148,Mogocha,RU,53.73,119.77,21.0,89,100,7.99,overcast clouds
149,Gornopravdinsk,RU,60.05,69.9,34.66,96,100,7.63,overcast clouds
150,Nerchinskiy Zavod,RU,51.31,119.61,21.65,97,100,7.67,light snow
151,Esperance,AU,-33.87,121.9,64.4,42,100,6.93,overcast clouds
152,Grand Gaube,MU,-20.01,57.66,64.99,77,11,1.99,few clouds
153,Kruisfontein,ZA,-34.0,24.73,62.01,82,85,6.76,overcast clouds
154,Bardiyah,LY,31.76,25.09,69.12,62,8,5.19,clear sky
155,Tres Arroyos,AR,-38.37,-60.28,73.92,31,0,7.52,clear sky
156,Sao Jose Da Coroa Grande,BR,-8.9,-35.15,79.27,79,97,9.37,overcast clouds
157,Lata,PT,40.16,-8.33,64.99,87,66,0.67,broken clouds
158,Meulaboh,ID,4.14,96.13,78.06,83,100,3.67,light rain
159,Yenagoa,NG,4.92,6.26,76.66,92,53,4.27,broken clouds
160,Petropavlovsk-Kamchatskiy,RU,53.05,158.65,39.2,64,40,13.42,scattered clouds
161,Mount Pleasant,US,32.79,-79.86,69.01,77,90,16.11,haze
162,Pacific Grove,US,36.62,-121.92,75.2,31,20,6.93,few clouds
163,Kambove,CD,-10.88,26.6,68.04,42,4,3.53,clear sky
164,Port Lincoln,AU,-34.73,135.87,53.94,86,2,11.88,clear sky
165,Ahipara,NZ,-35.17,173.17,64.92,89,28,3.24,scattered clouds
166,Tiksi,RU,71.69,128.87,3.02,93,96,4.68,overcast clouds
167,Dingle,PH,11.0,122.67,75.74,83,100,4.14,overcast clouds
168,Geraldton,AU,-28.77,114.6,68.0,68,75,14.99,broken clouds
169,Muzhi,RU,65.37,64.67,30.22,95,3,12.55,clear sky
170,Shizuishan,CN,39.23,106.77,42.19,53,0,9.66,clear sky
171,Labuhan,ID,-6.88,112.21,75.0,92,100,7.99,light rain
172,Senador Jose Porfirio,BR,-2.59,-51.95,93.87,38,0,4.68,clear sky
173,Ribeira Grande,PT,38.52,-28.7,69.8,94,75,18.34,broken clouds
174,Lexington Park,US,38.27,-76.45,52.0,50,75,6.93,broken clouds
175,Te Anau,NZ,-45.42,167.72,51.49,67,73,8.14,broken clouds
176,Fairbanks,US,64.84,-147.72,8.01,84,90,2.13,light snow
177,Karratha,AU,-20.74,116.85,69.04,81,0,11.18,clear sky
178,Sobolevo,RU,54.43,31.9,45.41,83,100,10.87,overcast clouds
179,Yantal,RU,56.85,105.25,17.98,93,100,6.69,overcast clouds
180,Kununurra,AU,-15.77,128.73,77.0,88,40,6.08,scattered clouds
181,Walvis Bay,NA,-22.96,14.51,57.2,76,0,4.7,clear sky
182,Hay River,CA,60.82,-115.8,26.6,73,40,5.82,scattered clouds
183,Tahta,EG,26.77,31.5,75.2,64,0,13.87,clear sky
184,Sinnamary,GF,5.38,-52.95,84.22,71,100,11.86,overcast clouds
185,Empalme,MX,27.97,-110.82,89.6,33,90,6.31,overcast clouds
186,Trairi,BR,-3.28,-39.27,81.46,75,99,12.44,overcast clouds
187,Makakilo City,US,21.35,-158.09,80.6,74,20,4.83,few clouds
188,Vostok,RU,46.49,135.88,34.48,96,100,5.06,overcast clouds
189,Ancud,CL,-41.87,-73.82,70.0,55,0,9.17,clear sky
190,Oga,IT,46.46,10.35,50.0,86,0,2.24,clear sky
191,Codrington,AU,-38.27,141.97,46.44,91,20,3.2,few clouds
192,Lompoc,US,34.64,-120.46,77.0,37,1,6.2,clear sky
193,Leningradskiy,RU,69.38,178.42,17.89,91,68,10.13,broken clouds
194,Bourg-En-Bresse,FR,46.17,5.17,51.01,94,90,3.49,overcast clouds
195,Tommot,RU,58.96,126.29,-4.07,89,94,2.17,overcast clouds
196,Barceloneta,PR,18.45,-66.54,84.99,76,100,8.01,overcast clouds
197,Cabo San Lucas,MX,22.89,-109.91,86.0,61,40,11.41,scattered clouds
198,Vao,NC,-22.67,167.48,73.31,81,10,14.76,clear sky
199,San Carlos De Bariloche,AR,-41.15,-71.31,80.6,10,0,4.7,clear sky
200,Puerto Quijarro,BO,-17.78,-57.77,90.63,36,73,5.35,broken clouds
201,Havre-Saint-Pierre,CA,50.23,-63.6,30.2,63,1,21.92,clear sky
202,Witu,KE,-2.39,40.44,78.8,88,40,4.7,scattered clouds
203,Berzence,HU,46.21,17.15,51.8,93,0,2.71,clear sky
204,Turukhansk,RU,65.82,87.98,17.44,97,100,21.23,snow
205,Saint George,US,37.1,-113.58,72.0,17,1,3.36,clear sky
206,Hithadhoo,MV,-0.6,73.08,83.61,70,100,7.9,light rain
207,La Ronge,CA,55.1,-105.28,23.0,67,66,4.7,broken clouds
208,Acapulco,MX,16.86,-99.89,87.8,66,40,6.93,scattered clouds
209,Mayumba,GA,-3.43,10.66,78.31,88,92,7.61,overcast clouds
210,Buraydah,SA,26.33,43.98,69.8,28,0,2.24,clear sky
211,Khatanga,RU,71.97,102.5,-6.93,87,9,8.19,clear sky
212,Kavaratti,IN,10.57,72.64,82.06,70,2,2.3,clear sky
213,Borogontsy,RU,62.67,131.17,-13.5,89,72,2.44,broken clouds
214,Punta Alta,AR,-38.88,-62.07,74.84,26,0,10.96,clear sky
215,Clarence Town,AU,-32.58,151.78,60.01,87,1,6.93,clear sky
216,Kalmunai,LK,7.42,81.82,79.59,82,98,3.96,heavy intensity rain
217,Garissa,KE,-0.45,39.64,79.2,69,0,17.9,clear sky
218,Jiuquan,CN,39.74,98.52,32.54,74,25,1.97,scattered clouds
219,Narsaq,GL,60.92,-46.05,23.0,73,40,1.07,scattered clouds
220,Vardo,NO,70.37,31.11,36.0,85,100,12.37,overcast clouds
221,Beibei,CN,29.83,106.43,60.01,100,90,6.71,light rain
222,Jacareacanga,BR,-6.22,-57.75,96.01,36,1,4.07,clear sky
223,Kimbe,PG,-5.55,150.14,75.65,86,1,3.69,clear sky
224,Bafoulabe,ML,13.81,-10.83,85.87,23,100,3.76,overcast clouds
225,Hirado,JP,33.36,129.55,65.08,65,1,12.5,clear sky
226,Collie,AU,-33.37,116.15,60.01,77,100,3.11,light rain
227,Ust-Nera,RU,64.57,143.2,-5.01,81,100,3.15,overcast clouds
228,Clyde River,CA,70.47,-68.59,14.0,92,90,13.87,light snow
229,Dali,CN,25.7,100.18,57.51,87,45,4.72,scattered clouds
230,Maningrida,AU,-12.07,134.27,77.23,81,34,5.59,scattered clouds
231,Husavik,IS,66.04,-17.34,37.4,74,0,8.05,clear sky
232,Port Victoria,KE,0.09,33.98,72.27,74,100,8.55,light rain
233,Dukat,RU,62.55,155.55,13.1,96,100,5.79,overcast clouds
234,Gao,ML,16.64,1.64,83.71,14,0,13.11,clear sky
235,Stephenville,US,32.22,-98.2,75.2,23,1,6.93,clear sky
236,Buchanan,LR,5.88,-10.05,78.55,88,100,8.21,overcast clouds
237,Korla,CN,41.76,86.15,38.39,67,0,1.92,clear sky
238,Hoi An,VN,15.88,108.33,77.0,94,40,3.36,scattered clouds
239,Tacuarembo,UY,-31.73,-55.98,67.24,65,3,12.01,clear sky
240,Emba,KZ,48.83,58.14,46.58,48,100,11.3,overcast clouds
241,Kavieng,PG,-2.57,150.8,83.01,76,5,11.14,light rain
242,Askim,NO,59.58,11.16,45.0,97,76,5.79,broken clouds
243,Georgetown,MY,5.41,100.34,75.2,94,20,7.23,few clouds
244,Minab,IR,27.15,57.08,69.8,73,0,4.7,clear sky
245,Yerbogachen,RU,61.28,108.01,1.13,92,0,2.89,clear sky
246,Vila Velha,BR,-20.33,-40.29,71.6,94,90,8.05,light rain
247,Burnie,AU,-41.07,145.92,53.01,70,0,5.01,clear sky
248,Akdagmadeni,TR,39.66,35.88,44.42,73,4,1.7,clear sky
249,Muros,ES,42.78,-9.06,63.0,92,100,15.99,overcast clouds
250,Katsuura,JP,35.13,140.3,51.8,76,0,8.05,clear sky
251,Menzelinsk,RU,55.73,53.1,37.4,100,90,4.47,overcast clouds
252,Santiago,CL,-33.46,-70.65,84.99,26,0,9.17,clear sky
253,Venice,US,27.1,-82.45,84.2,70,90,12.75,overcast clouds
254,Abalak,RU,58.13,68.59,34.9,90,100,11.01,overcast clouds
255,Kemin,KG,42.78,75.69,43.61,53,0,7.58,clear sky
256,Avera,US,33.19,-82.53,64.4,59,90,11.41,overcast clouds
257,Naujamiestis,LT,55.69,24.15,44.6,93,90,2.93,overcast clouds
258,Teeli,RU,51.03,90.23,22.35,88,0,0.38,clear sky
259,Pisco,PE,-13.7,-76.22,71.6,64,0,14.99,clear sky
260,Pozo Colorado,PY,-23.49,-58.8,85.32,33,0,8.7,clear sky
261,Samarai,PG,-10.62,150.67,80.71,82,99,8.7,moderate rain
262,Umm Kaddadah,SD,13.6,26.69,86.34,21,0,13.11,clear sky
263,Teguise,ES,29.06,-13.56,73.4,69,0,8.05,clear sky
264,Gravdal,NO,68.12,13.5,44.65,75,98,13.4,overcast clouds
265,Senneterre,CA,48.38,-77.23,35.6,31,75,16.11,broken clouds
266,Muchkapskiy,RU,51.85,42.47,50.0,93,100,10.8,light rain
267,San Patricio,US,28.02,-97.52,79.0,44,40,4.7,scattered clouds
268,Salalah,OM,17.02,54.09,77.0,33,0,3.36,clear sky
269,Broome,US,42.25,-75.83,43.0,64,90,8.05,overcast clouds
270,Ambulu,ID,-8.35,113.61,74.68,82,100,3.44,overcast clouds
271,Ostrovnoy,RU,68.05,39.51,26.64,95,71,14.76,broken clouds
272,San Angelo,US,31.46,-100.44,78.01,31,1,13.87,clear sky
273,Ribas Do Rio Pardo,BR,-20.44,-53.76,83.44,47,83,13.29,broken clouds
274,Tynda,RU,55.17,124.72,16.32,91,100,8.43,overcast clouds
275,Colomi,BO,-17.35,-65.87,80.6,26,20,13.87,few clouds
276,Kyshtovka,RU,56.55,76.63,32.65,94,100,11.59,overcast clouds
277,Ayan,RU,56.45,138.17,25.86,93,100,12.37,overcast clouds
278,Sola,VU,-13.88,167.55,81.3,80,63,21.03,broken clouds
279,Hami,CN,42.8,93.45,38.08,64,0,6.08,clear sky
280,Aklavik,CA,68.22,-135.01,-2.2,77,40,3.94,scattered clouds
281,College,US,64.86,-147.8,8.01,77,90,3.36,mist
282,Astoria,US,46.19,-123.83,55.99,71,1,13.87,clear sky
283,Tasiilaq,GL,65.61,-37.64,32.0,95,75,4.7,broken clouds
284,Hokitika,NZ,-42.72,170.97,53.89,77,100,8.19,light rain
285,Jablah,SY,35.36,35.93,69.8,73,40,2.24,scattered clouds
286,Adrar,MR,20.5,-10.07,85.62,14,100,10.74,overcast clouds
287,Gannan,CN,47.91,123.5,32.92,86,85,14.61,overcast clouds
288,Ponta Delgada,PT,37.73,-25.67,69.8,94,75,17.22,broken clouds
289,Maraa,BR,-1.83,-65.37,79.02,88,100,8.75,moderate rain
290,Keetmanshoop,NA,-26.58,18.13,73.94,21,15,11.41,few clouds
291,Pavlivka,UA,49.44,28.46,45.54,85,100,13.49,overcast clouds
292,Skalat,UA,49.43,25.98,46.99,87,49,7.0,scattered clouds
293,Sorada,IN,19.75,84.43,72.48,75,38,2.86,scattered clouds
294,Port Hardy,CA,50.7,-127.42,48.2,76,75,13.87,broken clouds
295,Dzhida,RU,50.68,106.18,25.16,87,100,7.72,overcast clouds
296,Haines Junction,CA,60.75,-137.51,14.0,78,100,4.7,snow
297,Tateyama,JP,34.98,139.87,51.8,76,0,8.05,clear sky
298,Thinadhoo,MV,0.53,72.93,82.51,77,74,9.33,moderate rain
299,Souillac,MU,-20.52,57.52,66.2,82,40,5.82,scattered clouds
300,Baghdad,IQ,33.34,44.4,75.2,27,0,10.29,clear sky
301,Verkhoyansk,RU,67.54,133.38,-7.89,88,94,4.68,overcast clouds
302,Vazhiny,RU,60.96,34.02,31.62,96,0,2.93,clear sky
303,Lufilufi,WS,-13.87,-171.6,77.0,100,75,4.7,drizzle
304,Mundgod,IN,14.97,75.03,70.12,78,19,2.28,few clouds
305,Yar-Sale,RU,66.83,70.83,25.66,96,37,11.52,scattered clouds
306,Daitari,IN,21.1,85.75,70.63,78,67,4.21,broken clouds
307,Svetlyy,RU,54.67,20.13,46.4,93,90,4.47,overcast clouds
308,Landeck,AT,47.13,10.56,52.0,53,0,3.36,clear sky
309,Kabare,CD,-2.47,28.82,61.83,85,100,1.7,overcast clouds
310,Jinxiang,CN,27.43,120.61,61.81,84,31,7.94,light rain
311,Skjervoy,NO,70.03,20.97,43.52,70,1,14.09,clear sky
312,Komyshnya,UA,50.19,33.68,47.88,93,100,10.83,light rain
313,Ugoofaaru,MV,5.67,73.0,82.58,68,25,4.92,scattered clouds
314,Tuburan,PH,6.64,122.27,80.71,77,100,4.81,light rain
315,Ponsacco,IT,43.62,10.63,60.01,85,100,1.01,overcast clouds
316,Hofn,IS,64.25,-15.21,42.04,81,100,11.45,light rain
317,Kudahuvadhoo,MV,2.67,72.89,82.87,73,72,6.69,broken clouds
318,Hualmay,PE,-11.1,-77.61,68.04,67,86,9.55,overcast clouds
319,Bayabas,PH,16.45,120.52,63.37,81,96,5.26,overcast clouds
320,Susanville,US,40.42,-120.65,62.6,18,1,3.36,clear sky
321,Bobrovka,RU,54.05,61.75,39.18,73,100,11.23,overcast clouds
322,Rio Grande,BR,-32.03,-52.1,69.8,52,40,13.87,scattered clouds
323,Omboue,GA,-1.57,9.26,77.18,91,100,5.35,overcast clouds
324,Aleksandrov Gay,RU,50.15,48.57,47.28,53,32,5.48,scattered clouds
325,Constitucion,CL,-35.33,-72.42,64.06,65,13,7.0,few clouds
326,Malakal,SS,9.53,31.66,77.94,70,36,4.34,scattered clouds
327,Baltati,RO,47.22,27.15,46.99,87,90,10.29,overcast clouds
328,Bathsheba,BB,13.22,-59.52,80.6,83,75,17.22,broken clouds
329,Bahia Blanca,AR,-38.72,-62.27,80.28,17,0,3.24,clear sky
330,Benguela,AO,-12.58,13.41,78.89,77,90,5.77,overcast clouds
331,Airai,TL,-8.93,125.41,59.59,69,3,2.46,clear sky
332,Smithers,CA,54.78,-127.17,35.6,80,90,3.98,overcast clouds
333,Ambilobe,MG,-13.2,49.05,72.21,62,49,6.15,scattered clouds
334,Nuuk,GL,64.18,-51.72,23.0,79,90,3.53,light snow
335,Monroe,US,43.15,-77.68,48.0,48,20,8.05,few clouds
336,Aitape,PG,-3.14,142.35,77.85,79,0,5.3,clear sky
337,Raudeberg,NO,61.99,5.14,57.2,44,68,27.51,broken clouds
338,Ponta Do Sol,PT,32.67,-17.1,71.01,73,20,8.05,few clouds
339,Koshurnikovo,RU,54.17,93.3,27.45,100,100,3.06,light snow
340,Sabana De Torres,CO,7.39,-73.5,78.8,69,40,5.82,scattered clouds
341,Xichang,CN,27.9,102.26,62.69,78,78,1.81,broken clouds
342,Marsh Harbour,BS,26.54,-77.06,79.99,81,3,18.19,light rain
343,Storslett,NO,69.77,21.02,36.66,79,0,11.74,clear sky
344,Eskisehir,TR,39.78,30.52,39.2,100,0,3.36,clear sky
345,Batsfjord,NO,70.63,29.72,32.38,96,100,8.86,overcast clouds
346,Pasighat,IN,28.07,95.33,74.1,66,100,0.38,overcast clouds
347,Acari,PE,-15.43,-74.62,76.5,48,35,9.66,scattered clouds
348,Klaksvik,FO,62.23,-6.59,48.2,100,97,6.93,overcast clouds
349,Blacksburg,US,37.23,-80.41,52.0,61,75,3.36,broken clouds
350,Tabou,CI,4.42,-7.35,78.33,86,100,5.61,overcast clouds
351,Khovu-Aksy,RU,51.13,93.6,20.21,88,0,2.84,clear sky
352,Babu,CN,24.42,111.52,67.55,84,84,2.42,broken clouds
353,Miri,MY,4.41,114.01,75.2,100,40,2.24,scattered clouds
354,Tual,ID,-5.67,132.75,83.16,77,100,12.64,light rain
355,Tanout,NE,14.97,8.89,80.49,16,0,9.35,clear sky
356,Fort Wellington,GY,6.4,-57.6,85.51,70,0,10.92,clear sky
357,Huambo,AO,-12.78,15.74,65.21,83,100,0.6,light rain
358,Takoradi,GH,4.88,-1.76,78.96,86,30,6.62,scattered clouds
359,Manacor,ES,39.57,3.21,61.0,87,40,3.36,scattered clouds
360,Esmeraldas,BR,-19.76,-44.31,71.6,68,90,11.41,overcast clouds
361,Rio Gallegos,AR,-51.62,-69.22,62.6,36,0,9.17,clear sky
362,Tabriz,IR,38.08,46.29,57.2,30,40,4.7,scattered clouds
363,Chapais,CA,49.78,-74.85,30.2,54,1,13.87,clear sky
364,Alexandria,EG,31.22,29.96,75.2,57,40,8.05,scattered clouds
365,Warrington,GB,53.39,-2.58,51.8,71,0,17.22,clear sky
366,Hongjiang,CN,27.11,110.0,58.44,90,100,2.01,overcast clouds
367,Severo-Kurilsk,RU,50.68,156.12,42.76,74,97,20.58,overcast clouds
368,Kabalo,CD,-6.05,26.92,70.18,87,30,1.59,scattered clouds
369,Tuatapere,NZ,-46.13,167.68,55.99,70,25,7.0,scattered clouds
370,Awassa,ET,7.05,38.47,63.03,80,91,2.3,overcast clouds
371,Hasaki,JP,35.73,140.83,42.8,100,20,2.24,fog
372,Ust-Maya,RU,60.42,134.53,-8.19,90,49,2.3,scattered clouds
373,Kathmandu,NP,27.72,85.32,59.0,87,20,4.7,few clouds
374,Iranshahr,IR,27.2,60.68,64.4,11,0,6.93,clear sky
375,Koluszki,PL,51.74,19.82,44.01,93,90,3.36,overcast clouds
376,Dunmore Town,BS,25.5,-76.65,81.43,79,0,15.86,clear sky
377,Bontang,ID,0.13,117.5,77.22,88,100,8.57,overcast clouds
378,Bugiri,UG,0.57,33.74,67.01,88,100,5.88,overcast clouds
379,Faya,SA,18.39,42.45,64.4,82,0,2.84,clear sky
380,Malyye Derbety,RU,47.95,44.68,53.19,75,100,6.71,overcast clouds
381,Zafra,ES,38.42,-6.42,66.0,62,60,1.99,broken clouds
382,Riyadh,SA,24.69,46.72,69.8,40,0,2.24,clear sky
383,Sioux Lookout,CA,50.1,-91.92,39.2,83,90,12.75,light intensity drizzle
384,Lander,US,42.83,-108.73,55.4,24,1,3.36,clear sky
385,Kandrian,PG,-6.22,149.55,77.05,84,73,3.09,broken clouds
386,Nemuro,JP,43.32,145.57,48.76,68,94,6.53,overcast clouds
387,Aljezur,PT,37.32,-8.8,64.31,73,0,8.3,clear sky
388,Dubbo,AU,-32.25,148.62,48.2,100,0,3.33,clear sky
389,Okha,RU,53.57,142.95,37.0,86,100,11.61,overcast clouds
390,Klyuchi,RU,52.27,79.17,32.05,96,34,4.5,scattered clouds
391,Beloha,MG,-25.17,45.05,66.67,79,0,9.75,clear sky
392,Macapa,BR,0.04,-51.07,93.2,59,20,14.99,few clouds
393,Piacabucu,BR,-10.41,-36.43,79.56,78,28,13.4,scattered clouds
394,Yeppoon,AU,-23.13,150.73,73.4,83,40,4.7,scattered clouds
395,Mandera,KE,3.94,41.87,84.97,54,94,5.17,overcast clouds
396,Reyes,BO,-14.32,-67.38,89.6,40,3,5.82,clear sky
397,Tambacounda,SN,13.75,-13.76,84.2,79,0,4.7,clear sky
398,Moose Factory,CA,51.26,-80.61,39.2,59,75,14.99,broken clouds
399,Quatre Cocos,MU,-20.21,57.76,66.2,82,40,5.82,scattered clouds
400,Ust-Kulom,RU,61.69,53.69,29.05,98,57,6.8,broken clouds
401,Siwan,IN,26.22,84.37,73.35,54,14,5.5,few clouds
402,Bad Kissingen,DE,50.2,10.08,46.0,96,98,3.11,overcast clouds
403,Bosaso,SO,11.28,49.18,78.13,80,0,1.74,clear sky
404,Valparaiso,CL,-33.04,-71.63,59.0,100,90,6.93,fog
405,Vestmannaeyjar,IS,63.44,-20.27,42.8,75,20,10.29,few clouds
406,Winneba,GH,5.35,-0.62,80.6,88,20,9.17,few clouds
407,Bocicoiu Mare,RO,47.97,24.0,43.0,87,92,0.94,overcast clouds
408,Anahuac,MX,27.23,-100.15,75.2,31,5,9.28,clear sky
409,Vagur,FO,61.47,-6.81,49.15,85,50,10.25,light rain
410,Coahuayana,MX,18.73,-103.68,84.2,66,40,9.17,scattered clouds
411,Newcastle,AU,-32.93,151.78,60.01,87,4,6.93,clear sky
412,Lavrentiya,RU,65.58,-171.0,20.3,91,49,8.46,scattered clouds
413,Caravelas,BR,-17.71,-39.25,73.24,95,100,6.31,light rain
414,Axim,GH,4.87,-2.24,78.84,87,49,6.4,scattered clouds
415,Bambanglipuro,ID,-7.95,110.28,75.22,89,29,3.96,scattered clouds
416,Gimli,CA,50.63,-96.99,28.4,68,100,23.04,overcast clouds
417,Hambantota,LK,6.12,81.12,79.29,82,94,9.91,overcast clouds
418,Sao Borja,BR,-28.66,-56.0,74.07,59,20,15.75,few clouds
419,Dongsheng,CN,39.82,109.98,32.94,79,0,9.4,clear sky
420,Westport,US,41.14,-73.36,46.0,45,1,3.36,clear sky
421,General Roca,AR,-39.03,-67.58,86.0,15,0,10.29,clear sky
422,Saint-Pierre,RE,-21.34,55.48,66.2,59,0,3.36,clear sky
423,Chala,TZ,-7.58,31.27,64.4,72,40,2.15,scattered clouds
424,Diamantino,BR,-14.41,-56.45,86.86,50,98,5.26,overcast clouds
425,Labuan,MY,5.28,115.24,78.8,88,40,9.51,moderate rain
426,Cerro De Pasco,PE,-10.68,-76.27,45.77,73,98,1.57,heavy intensity rain
427,Naze,JP,28.37,129.48,73.4,73,75,10.29,broken clouds
428,Kodinsk,RU,58.69,99.18,5.63,93,0,0.96,clear sky
429,Namibe,AO,-15.2,12.15,75.29,69,37,3.15,light rain
430,Chengde,CN,40.97,117.94,40.73,53,16,8.39,few clouds
431,Saint Paul,US,44.94,-93.09,55.99,54,40,13.87,scattered clouds
432,Ler,SS,8.3,30.14,75.6,80,1,4.05,clear sky
433,Chilca,PE,-12.52,-76.74,66.99,72,75,10.29,broken clouds
434,Fortuna,US,40.6,-124.16,63.0,72,20,8.05,few clouds
435,Nortelandia,BR,-14.45,-56.8,88.09,47,88,4.63,overcast clouds
436,Olafsvik,IS,64.89,-23.71,43.54,76,43,8.19,light rain
437,Champerico,GT,14.3,-91.92,89.6,55,75,6.93,broken clouds
438,Vangaindrano,MG,-23.35,47.6,68.4,75,94,4.97,overcast clouds
439,Iracoubo,GF,5.48,-53.2,84.02,72,100,12.82,heavy intensity rain
440,Saint-Francois,FR,46.42,3.91,51.01,100,64,4.7,broken clouds
441,Grindavik,IS,63.84,-22.43,39.2,93,75,5.82,broken clouds
442,Whitianga,NZ,-36.83,175.7,68.0,79,62,5.99,broken clouds
443,Ukiah,US,39.15,-123.21,77.0,26,1,3.15,clear sky
444,Constantine,DZ,36.37,6.61,59.0,62,0,1.99,clear sky
445,Warrnambool,AU,-38.38,142.48,50.0,93,50,4.65,scattered clouds
446,Bonfim,BR,3.08,-59.95,94.5,44,76,6.85,broken clouds
447,Yining,CN,29.04,114.56,60.19,89,100,1.28,light rain
448,Hovd,MN,48.01,91.64,26.44,86,0,1.43,clear sky
449,Bandarbeyla,SO,9.49,50.81,77.95,83,49,13.73,scattered clouds
450,Dingzhou,CN,38.51,115.0,46.4,49,0,4.47,clear sky
451,Pombas,CV,17.15,-25.02,77.0,69,75,27.51,broken clouds
452,Paita,PE,-5.09,-81.11,73.4,69,0,12.75,clear sky
453,Tshane,BW,-24.02,21.87,77.34,43,100,9.62,light rain
454,Havre,FR,49.58,0.33,53.6,76,90,11.41,overcast clouds
455,Vetapalem,IN,15.78,80.32,75.56,74,0,6.53,clear sky
456,Linhares,BR,-19.39,-40.07,69.67,95,100,8.19,moderate rain
457,Kasongo-Lunda,CD,-6.47,16.82,72.77,87,97,0.29,light rain
458,Henties Bay,NA,-22.12,14.28,55.99,90,79,1.01,broken clouds
459,Dubai,AE,25.26,55.3,78.8,78,0,5.82,clear sky
460,Namatanai,PG,-3.67,152.43,80.62,79,84,6.4,broken clouds
461,Cayenne,GF,4.93,-52.33,84.2,74,98,14.99,overcast clouds
462,Martinsburg,US,39.46,-77.96,50.0,49,90,3.36,overcast clouds
463,Mineros,BO,-17.12,-63.23,89.6,25,2,17.22,clear sky
464,Pangnirtung,CA,66.15,-65.71,19.4,52,75,2.24,broken clouds
465,Octeville,FR,49.63,-1.64,54.0,76,0,10.29,clear sky
466,Kabo,CF,7.7,18.63,74.75,78,0,4.21,clear sky
467,Kiruna,SE,67.86,20.23,17.6,100,25,9.17,mist
468,Izmit,TR,40.77,29.92,42.8,100,40,1.12,scattered clouds
469,Dandong,CN,40.13,124.39,47.34,90,38,3.85,scattered clouds
470,Taga,RO,46.95,24.05,43.0,93,40,8.05,scattered clouds
471,Eureka,US,40.8,-124.16,63.0,93,90,3.36,mist
472,Miles City,US,46.41,-105.84,46.4,31,1,27.51,clear sky
473,Colares,PT,38.8,-9.45,64.99,88,40,4.7,scattered clouds
474,Qaqortoq,GL,60.72,-46.03,23.0,73,40,1.48,scattered clouds
475,Potiskum,NG,11.71,11.07,81.32,23,0,9.75,clear sky
476,Ihosy,MG,-22.4,46.12,60.06,82,14,8.5,few clouds
477,Amapa,BR,1.0,-52.0,96.03,33,92,7.14,overcast clouds
478,Santa Cruz De La Palma,ES,28.68,-17.76,77.0,33,0,9.17,clear sky
479,Vila,PT,42.03,-8.16,59.0,94,100,7.0,overcast clouds
480,Amahai,ID,-3.33,128.92,82.0,89,56,2.73,broken clouds
481,Neryungri,RU,56.67,124.65,4.15,92,100,6.69,overcast clouds
482,Nizhniy Kuranakh,RU,58.84,125.49,-5.31,90,95,1.83,overcast clouds
483,Batemans Bay,AU,-35.72,150.18,57.0,96,100,1.01,light rain
484,San Quintin,MX,30.48,-115.95,76.28,40,52,7.92,broken clouds
485,Luxeuil-Les-Bains,FR,47.82,6.37,46.4,100,98,2.24,overcast clouds
486,Maymyo,MM,22.03,96.47,75.2,94,75,2.24,broken clouds
487,Dwarka,IN,22.24,68.97,81.9,49,0,8.16,clear sky
488,Antropovo,RU,58.4,43.01,31.89,97,45,6.06,scattered clouds
489,Mizdah,LY,31.45,12.98,57.43,84,0,6.15,clear sky
490,Bay Roberts,CA,47.6,-53.26,35.01,72,100,5.99,overcast clouds
491,Perigueux,FR,45.18,0.72,55.0,87,91,3.65,overcast clouds
492,Deputatskiy,RU,69.3,139.9,-7.6,91,98,4.92,overcast clouds
493,Nabire,ID,-3.37,135.48,76.15,89,99,3.62,overcast clouds
494,Evensk,RU,61.95,159.23,22.17,93,50,11.92,scattered clouds
495,Townsville,AU,-19.25,146.8,75.0,94,11,1.12,few clouds
496,Vilani,LV,56.55,26.92,43.61,93,6,5.46,clear sky
497,Caluquembe,AO,-13.78,14.68,62.49,85,100,1.1,overcast clouds
498,Komsomolskiy,UZ,40.43,71.72,41.0,38,0,6.93,clear sky
499,Itarema,BR,-2.92,-39.92,81.81,74,100,15.46,overcast clouds
500,Sao Joao Da Barra,BR,-21.64,-41.05,71.6,94,90,18.34,overcast clouds
501,Bom Jesus,BR,-9.07,-44.36,84.65,60,98,3.67,light rain
502,Calw,DE,48.71,8.74,48.99,93,0,1.12,clear sky
503,Zaysan,KZ,47.47,84.87,31.78,90,0,2.24,clear sky
504,Karpogory,RU,64.0,44.45,29.71,97,0,3.85,clear sky
505,Rawlins,US,41.79,-107.24,51.8,29,1,11.41,clear sky
506,Cabedelo,BR,-6.98,-34.83,82.4,74,40,11.41,scattered clouds
507,Bastrop,US,32.76,-91.87,66.2,45,1,3.76,clear sky
508,Sorong,ID,-0.88,131.25,80.67,83,94,10.89,overcast clouds
509,Tongling,CN,30.95,117.78,58.55,81,100,3.47,light rain
510,Santa Maria,BR,-29.68,-53.81,73.4,46,75,14.99,broken clouds
511,Bereda,ES,43.27,-7.54,63.0,88,100,13.0,overcast clouds
512,Kuytun,RU,54.34,101.5,14.74,86,8,9.84,clear sky
513,Saint-Gaudens,FR,43.08,0.67,57.99,76,0,5.82,clear sky
514,Mozarlandia,BR,-14.74,-50.57,75.56,87,100,3.31,overcast clouds
515,Vila Franca Do Campo,PT,37.72,-25.43,69.8,94,75,17.22,broken clouds
516,Orgovany,HU,46.75,19.47,42.01,93,20,2.24,light rain
517,Boguchany,RU,58.38,97.45,8.33,93,0,1.81,clear sky
518,Basco,PH,20.45,121.97,78.21,72,98,25.37,overcast clouds
519,Nome,US,64.5,-165.41,8.6,78,1,7.9,clear sky
520,Mwinilunga,ZM,-11.74,24.43,66.49,53,99,2.08,overcast clouds
521,Misratah,LY,32.38,15.09,70.09,68,26,11.1,light rain
522,Moron,AR,-34.65,-58.62,75.0,43,0,12.75,clear sky
523,Pacasmayo,PE,-7.4,-79.57,68.34,71,52,12.35,broken clouds
524,Ajdabiya,LY,30.76,20.23,67.98,58,0,11.81,clear sky
525,Calamar,CO,10.25,-74.91,82.4,78,75,8.05,shower rain
526,Altay,CN,47.87,88.12,25.03,81,0,1.74,clear sky
527,Crestline,US,34.24,-117.29,91.4,7,5,7.34,clear sky
528,Mareeba,AU,-17.0,145.43,71.6,94,0,1.12,clear sky
529,Lindi,TZ,-10.0,39.72,75.2,88,40,2.98,scattered clouds
530,Jeremie,HT,18.65,-74.12,84.7,70,100,7.31,light rain
531,Bulihan,PH,14.27,121.0,80.6,74,75,4.7,light rain
532,Sinop,TR,41.77,34.87,49.86,67,81,2.82,broken clouds
533,Mayskiy,RU,47.69,40.1,53.6,93,40,15.66,scattered clouds
534,Saa,CM,4.37,11.45,69.75,98,100,3.22,overcast clouds
535,Jintur,IN,19.62,76.7,70.36,57,0,1.92,clear sky
536,Kungurtug,RU,50.6,97.52,18.86,93,95,3.15,overcast clouds
537,Batticaloa,LK,7.71,81.69,80.11,82,93,6.04,light rain
538,Bowen,AU,-20.02,148.23,66.2,93,0,3.36,clear sky
539,Sur,OM,22.57,59.53,70.21,56,0,1.5,clear sky
540,Mundi,IN,22.07,76.5,68.81,43,0,5.55,clear sky
541,Stawell,AU,-37.05,142.77,43.95,94,22,12.01,few clouds
542,Sabang,ID,5.89,95.32,82.15,77,85,12.66,light rain
543,Nicoya,CR,10.15,-85.45,86.0,74,40,8.05,scattered clouds
544,The Valley,AI,18.22,-63.06,86.0,70,20,17.22,haze
545,Lazaro Cardenas,MX,17.96,-102.2,85.77,63,71,8.48,broken clouds
546,Wuwei,CN,37.93,102.64,39.6,60,100,2.93,overcast clouds
547,Lahat,ID,-3.8,103.53,73.76,90,100,1.01,overcast clouds
548,Qidong,CN,31.81,121.66,64.0,90,87,4.85,overcast clouds
549,Fuerte Olimpo,PY,-21.04,-57.87,88.9,37,19,8.46,few clouds
550,Arona,ES,28.1,-16.68,84.2,17,0,23.04,clear sky
551,Derzhavinsk,KZ,51.1,66.32,38.08,69,12,7.36,few clouds
552,Kalmar,SE,56.66,16.36,51.01,93,67,11.41,broken clouds
553,Farmington,US,36.73,-108.22,66.0,25,1,16.11,clear sky
554,Huanuco,PE,-9.93,-76.24,69.8,60,90,10.29,overcast clouds
555,Ilulissat,GL,69.22,-51.1,19.4,73,75,6.93,broken clouds
556,Saint-Louis,SN,16.33,-15.0,91.94,11,0,11.14,clear sky
557,Santa Helena De Goias,BR,-17.81,-50.6,84.24,56,90,6.98,light rain
558,Sao Filipe,CV,14.9,-24.5,80.51,63,71,12.46,broken clouds
559,Trincomalee,LK,8.57,81.23,80.29,75,4,4.88,moderate rain
560,Sundargarh,IN,22.12,84.03,70.18,70,12,3.53,few clouds
561,Lewistown,US,40.6,-77.57,48.2,49,90,6.93,overcast clouds
562,Chancay,PE,-11.57,-77.27,66.99,72,75,10.29,broken clouds
563,Numan,NG,9.47,12.03,83.62,33,11,1.48,few clouds
564,Abapo,BO,-18.83,-63.47,84.49,23,37,10.16,scattered clouds
565,Babanka,UA,48.71,30.45,47.35,88,100,14.34,light rain
566,Ginda,IN,30.69,78.49,52.34,40,0,6.42,clear sky
567,Praia,CV,14.92,-23.51,77.0,78,75,19.46,broken clouds
568,Wucheng,CN,29.6,118.17,59.14,77,94,2.44,moderate rain
569,Baykit,RU,61.67,96.37,0.86,89,72,2.62,broken clouds
570,Neiafu,TO,-18.65,-173.98,73.4,94,90,2.24,light intensity shower rain
571,Kano,NG,12.0,8.52,75.2,44,1,6.13,haze
572,Bhunya,SZ,-26.55,31.02,59.31,86,100,2.35,overcast clouds
573,Caucaia,BR,-3.74,-38.65,84.2,70,20,14.99,few clouds
574,Kichera,RU,55.94,110.1,19.13,83,95,7.76,overcast clouds
575,Taywarah,AF,33.35,64.42,21.74,80,0,1.12,clear sky
576,Kysyl-Syr,RU,63.9,122.76,-5.85,91,99,3.33,overcast clouds
577,Kayasula,RU,44.33,45.0,56.95,96,100,3.31,overcast clouds
578,Heide,DE,54.2,9.1,54.0,91,68,1.01,broken clouds
579,Krasnoselkup,RU,65.7,82.47,31.68,99,100,19.39,overcast clouds
580,Richards Bay,ZA,-28.78,32.04,66.04,81,100,8.21,overcast clouds
581,Fochville,ZA,-26.49,27.49,61.52,83,100,12.59,moderate rain
582,Nizhneivkino,RU,58.19,49.52,37.0,84,97,9.01,overcast clouds
583,Cay,TR,38.59,31.03,48.83,61,0,1.23,clear sky
584,Xam Nua,LA,20.42,104.04,63.09,93,72,1.86,broken clouds
585,Hervey Bay,AU,-25.3,152.85,77.0,80,1,5.99,clear sky
586,Mombaca,BR,-5.74,-39.63,92.59,36,100,7.11,overcast clouds
587,Talara,PE,-4.58,-81.27,73.4,69,0,12.75,clear sky
588,Shirgaon,IN,19.7,72.7,78.96,59,7,2.86,clear sky
589,Ulladulla,AU,-35.35,150.47,59.0,100,90,17.22,overcast clouds
590,Carutapera,BR,-1.2,-46.02,82.92,70,31,9.4,scattered clouds
591,High Level,CA,58.52,-117.14,26.6,86,75,6.93,broken clouds
592,Inuvik,CA,68.35,-133.72,1.4,84,96,1.12,overcast clouds
593,Santa Isabel Do Rio Negro,BR,-0.41,-65.02,89.56,60,93,1.72,light rain
594,Panama City,PA,8.99,-79.52,86.0,74,40,11.41,scattered clouds
595,Ennepetal,DE,51.3,7.36,57.0,83,91,12.28,moderate rain
596,Srednekolymsk,RU,67.45,153.68,5.36,95,100,2.84,overcast clouds
597,Chimbote,PE,-9.09,-78.58,66.9,74,100,9.26,overcast clouds
598,Corowa,AU,-36.03,146.38,48.0,95,0,4.88,clear sky
599,Rusetu,RO,44.95,27.22,44.6,75,40,6.93,scattered clouds
600,Mansa,IN,29.98,75.38,63.39,24,0,3.11,clear sky
601,Zhigalovo,RU,54.81,105.16,18.32,89,100,7.36,overcast clouds
602,Bayburt,TR,40.26,40.23,51.06,49,97,6.73,overcast clouds
603,Leshan,CN,29.56,103.76,60.39,59,100,0.58,overcast clouds
604,Mayo,US,38.89,-76.51,48.99,61,90,1.81,overcast clouds
605,Tecoanapa,MX,16.52,-98.75,85.1,66,2,9.4,clear sky
606,Trelew,AR,-43.25,-65.31,82.29,16,5,15.79,clear sky
607,Lasa,IT,46.62,10.7,44.6,40,0,3.36,clear sky
608,Nyrob,RU,60.73,56.72,30.34,96,98,10.02,overcast clouds
609,Aksu,CN,41.12,80.26,40.33,62,0,1.52,clear sky
610,Ust-Ishim,RU,57.69,71.17,33.78,92,100,7.87,overcast clouds
611,Usogorsk,RU,63.41,48.69,30.54,97,41,6.44,scattered clouds
612,Ishinomaki,JP,38.42,141.3,51.48,73,43,6.58,scattered clouds
613,Myre,NO,69.1,15.95,41.0,93,33,13.87,scattered clouds
614,Kawalu,ID,-7.38,108.21,71.65,89,98,1.34,light rain
615,Omsukchan,RU,62.53,155.8,15.12,94,100,6.98,overcast clouds
616,Great Falls,US,47.5,-111.3,50.0,42,1,12.75,clear sky
617,Aranos,NA,-24.13,19.12,76.44,39,54,12.08,broken clouds
618,Manbij,SY,36.53,37.95,59.0,47,0,13.13,clear sky
619,Homer,US,59.64,-151.55,27.0,45,1,8.05,clear sky
620,Rochegda,RU,62.8,43.25,30.24,97,0,2.33,clear sky
621,Doka,SD,13.52,35.77,79.41,48,27,7.96,scattered clouds
622,Comodoro Rivadavia,AR,-45.87,-67.5,68.0,56,0,4.7,clear sky
623,Healdsburg,US,38.61,-122.87,78.01,28,1,3.36,clear sky
624,Port Hedland,AU,-20.32,118.57,71.6,88,0,5.82,clear sky
625,Tessalit,ML,20.2,1.01,80.53,16,11,9.73,few clouds
626,Papara,BR,-3.98,-38.73,84.2,70,20,14.99,few clouds
627,Maroantsetra,MG,-15.43,49.73,69.42,79,100,5.77,light rain
628,Loandjili,CG,-4.76,11.86,78.8,88,75,8.05,broken clouds
629,Fukue,JP,32.69,128.84,68.34,58,13,12.5,few clouds
630,Belorechensk,RU,44.76,39.87,55.4,93,40,4.47,scattered clouds
631,Seoul,KR,37.57,126.98,57.2,71,90,8.21,moderate rain
632,Formosa,AR,-26.18,-58.18,84.2,30,0,14.99,clear sky
633,Dalby,AU,-27.18,151.27,66.99,51,0,5.01,clear sky
634,Tieli,CN,46.95,128.05,37.33,76,100,13.62,overcast clouds
635,Mehamn,NO,71.04,27.85,36.14,91,100,12.46,overcast clouds
636,Wanning,CN,18.8,110.4,71.67,87,8,8.7,clear sky
637,Saint-Georges,GD,12.06,-61.75,80.6,88,75,17.22,broken clouds
638,Kieta,PG,-6.22,155.63,79.92,79,37,1.12,light rain
639,Nola,IT,40.92,14.53,60.01,93,0,3.36,clear sky
640,Paonta Sahib,IN,30.45,77.62,67.51,43,0,4.38,clear sky
641,Sassandra,CI,4.95,-6.08,77.97,89,94,4.81,overcast clouds
642,Bauchi,NG,10.5,10.0,79.02,32,0,5.23,clear sky
643,Shenjiamen,CN,29.96,122.3,65.8,79,92,6.08,overcast clouds
644,Ndele,CF,8.41,20.65,73.83,79,17,2.04,few clouds
645,Sitka,US,57.05,-135.33,51.8,87,90,25.28,light rain
646,Ust-Tsilma,RU,65.44,52.15,33.19,93,95,7.94,overcast clouds
647,Ngorongoro,TZ,-3.24,35.49,56.1,78,3,6.53,clear sky
648,Erzin,TR,36.96,36.2,73.99,68,0,1.54,light rain
649,Pauna,CO,5.66,-73.98,74.23,80,60,2.06,moderate rain
650,Villefranche-De-Rouergue,FR,44.33,2.0,53.01,93,0,2.24,clear sky
651,Catuday,PH,16.29,119.81,77.9,83,57,8.52,broken clouds
652,Port Macquarie,AU,-31.43,152.92,62.01,99,0,1.99,clear sky
653,Sangar,RU,63.92,127.47,-14.93,89,24,2.33,few clouds
654,Crestview,US,30.76,-86.57,77.0,41,20,4.7,few clouds
655,San Lorenzo,PY,-25.33,-57.53,86.0,33,40,12.75,scattered clouds
656,Hare Bay,CA,48.85,-54.01,32.0,93,94,5.82,overcast clouds
657,Rafaela,AR,-31.25,-61.49,79.0,16,0,3.0,clear sky
658,Havelock,US,34.88,-76.9,64.4,52,1,13.87,clear sky
659,Tias,ES,28.96,-13.64,73.4,69,0,8.05,clear sky
660,Rocha,UY,-34.48,-54.33,61.59,72,6,8.7,clear sky
661,Eresos,GR,39.17,25.93,61.0,51,0,5.82,clear sky
662,Santa Cruz,BO,-17.8,-63.17,89.6,22,0,19.46,clear sky
663,Zell Am See,AT,47.33,12.79,46.0,94,60,1.99,broken clouds
664,Sosua,DO,19.77,-70.52,77.0,94,75,15.23,broken clouds
665,Sambava,MG,-14.27,50.17,69.48,79,11,13.2,few clouds
666,Ulenje,TZ,-8.93,33.68,57.54,80,2,3.38,clear sky
667,Howard Springs,AU,-12.5,131.05,78.8,88,51,3.36,broken clouds
668,Grande Prairie,CA,55.17,-118.8,39.2,60,90,24.16,overcast clouds
669,Boma,GH,7.08,-2.17,76.32,75,0,1.97,clear sky
670,Alice Springs,AU,-23.7,133.88,66.2,29,82,9.17,broken clouds
671,Holme,DK,56.11,10.17,55.4,93,100,8.05,overcast clouds
672,Sechura,PE,-5.56,-80.82,73.27,61,99,16.69,overcast clouds
673,Tyukhtet,RU,56.54,89.3,32.67,97,100,6.98,overcast clouds
674,Wainwright,CA,52.84,-110.86,37.4,74,3,6.93,clear sky
675,Aban,RU,56.67,96.06,16.48,88,0,3.96,clear sky
676,Kulhudhuffushi,MV,6.62,73.07,82.51,72,21,7.94,few clouds
677,Halifax,CA,44.65,-63.57,44.01,38,0,5.82,clear sky
678,Marsaxlokk,MT,35.84,14.54,64.99,88,0,4.7,clear sky
679,Zlitan,LY,32.47,14.57,69.69,63,19,8.39,few clouds
680,Praia Da Vitoria,PT,38.73,-27.07,71.6,88,40,13.73,light intensity shower rain
681,Doha,QA,25.29,51.53,80.6,74,0,3.36,clear sky
682,Poya,NC,-21.35,165.15,76.59,69,1,7.11,clear sky
683,Paveh,IR,35.04,46.36,43.02,61,30,1.32,scattered clouds
